Name,Model,publications,Mean F1 Score,Mean Rouge1,Mean Rouge2,Mean RougeL,Mean Length,Mean Vec2,Mean Bleu
Ben Shneiderman,ada,400,0.1533072663333333,0.3227776816666667,0.1667864413333333,0.2791904513333333,247.66666666666663,0.8340923388799032,0.0697999999999999
Ben Shneiderman,curie,400,0.3487396996666667,0.4946370925752368,0.4946370925752368,0.4946370925752368,295.3333333333333,0.7692544062932333,0.1962
Ben Shneiderman,turbo,400,0.3867763833333333,0.5497418913333333,0.3923319389999999,0.5004238033333334,344.3333333333333,0.8529406866666666,0.2265
Ben Shneiderman,davinci,400,0.2150291556666666,0.2091880341880342,0.2091880341880342,0.2091880341880342,204.33333333333331,0.6790586666666667,0.0825
Dieter Schmalstieg,turbo,300,0.5655546133333333,0.7355693689999999,0.5985781760000001,0.6904083569999999,411.0,0.9375573766666668,0.4680333333333333
Dieter Schmalstieg,davinci,300,0.1762733076666666,0.1304485012395762,0.1304485012395762,0.1304485012395762,222.66666666666663,0.5547021133333333,0.1336333333333333
Dieter Schmalstieg,ada,300,0.2290318233333333,0.4768758346666666,0.2761904763333333,0.383620383,241.66666666666663,0.8250787655512491,0.0961333333333333
Dieter Schmalstieg,curie,300,0.411299246,0.5876138433515483,0.5876138433515483,0.5876138433515483,396.0,0.8786217172940572,0.3090666666666666
Daniel Weiskopf,ada,250,0.106954689,0.274690106,0.1192540793333333,0.1933739013333333,215.33333333333331,0.0,0.0497666666666666
Daniel Weiskopf,turbo,250,0.5101253976666666,0.6548901386666667,0.5127712336666667,0.6004847073333334,415.6666666666667,0.93294075,0.3711666666666666
Daniel Weiskopf,davinci,250,0.370860573,0.4648869052538777,0.4648869052538777,0.4648869052538777,296.6666666666667,0.7541316666666668,0.1839999999999999
Daniel Weiskopf,curie,250,0.3108645133333333,0.3272596197170406,0.3272596197170406,0.3272596197170406,455.6666666666667,0.8888019323348999,0.2407666666666666
Catherine Plaisant,curie,150,0.3363138966666666,0.5447673045121663,0.5447673045121663,0.5447673045121663,267.6666666666667,0.8380720416704813,0.2053
Catherine Plaisant,davinci,150,0.3759846503333333,0.427012987012987,0.427012987012987,0.427012987012987,248.0,0.78993375,0.2193666666666666
Ghassan Hamarneh,davinci,150,0.1919607973333333,0.2675814751286449,0.2675814751286449,0.2675814751286449,176.0,0.63398435,0.1287
Ghassan Hamarneh,curie,150,0.155132405,0.2571059431524547,0.2571059431524547,0.2571059431524547,355.6666666666667,0.0,0.0912333333333333
Ghassan Hamarneh,ada,150,0.0893365893333333,0.2116402116666667,0.095056904,0.162962963,193.66666666666663,0.6859161655108134,0.0178666666666666
Catherine Plaisant,turbo,150,0.4213101713333333,0.6332643203333334,0.4256624763333334,0.5915804003333333,316.3333333333333,0.9316262666666668,0.3391999999999999
Ghassan Hamarneh,turbo,150,0.448757336,0.614618174,0.4540660379999999,0.5552701976666666,367.0,0.9294762533333332,0.3471666666666667
Catherine Plaisant,ada,150,0.1633738846666666,0.3893223856666667,0.1886937503333333,0.2593369306666666,353.3333333333333,0.8824911117553711,0.1114
Benjamin B. Bederson,davinci,100,0.1586509586666666,0.1744898694931141,0.1744898694931141,0.1744898694931141,200.0,0.52762881,0.1155333333333333
Michael Burch,ada,100,0.1025798573333333,0.335763223,0.1058943666666666,0.206613684,269.3333333333333,0.8162563244501749,0.0348333333333333
Stephan Diehl,davinci,100,0.2812814266666666,0.4482323232323232,0.4482323232323232,0.4482323232323232,162.66666666666666,0.68714575,0.1533
Michael Burch,davinci,100,0.319459058,0.3981973995271867,0.3981973995271867,0.3981973995271867,230.66666666666663,0.7742408733333334,0.1534666666666666
Henry Fuchs,turbo,100,0.4501560066666667,0.6409896783333333,0.477964607,0.5926552576666667,323.3333333333333,0.8684387666666668,0.355
Achim Ebert,turbo,100,0.4160043126666666,0.5909964486666667,0.4269697803333334,0.5579192553333333,337.0,0.9115609333333332,0.3262333333333333
Stephan Diehl,turbo,100,0.3615907596666667,0.5596990126666667,0.3620731123333333,0.4730276366666666,433.0,0.9220237333333332,0.2440333333333333
Achim Ebert,davinci,100,0.1460090986666666,0.1375661375661375,0.1375661375661375,0.1375661375661375,173.66666666666666,0.6558577366666666,0.0925
Henry Fuchs,davinci,100,0.2627334096666666,0.2163614163614163,0.2163614163614163,0.2163614163614163,181.0,0.6868941,0.1298666666666666
Benjamin B. Bederson,turbo,100,0.5137378343333333,0.6857825373333334,0.5270452863333334,0.6248145506666667,423.3333333333333,0.94091566,0.4223666666666667
Mary Jean Harrold,ada,100,0.125366299,0.4199555946666666,0.1334210526666666,0.28351255,296.0,0.827622652053833,0.0542666666666666
Michael Burch,turbo,100,0.4164074353333333,0.6065671243333334,0.4094906786666666,0.5348591003333333,337.0,0.9282206133333334,0.3229
Mary Jean Harrold,turbo,100,0.4557185893333333,0.6465000886666666,0.4652160833333333,0.558160553,318.6666666666667,0.9353792666666668,0.3796
Mary Jean Harrold,davinci,100,0.3852967426666667,0.4814552326954877,0.4814552326954877,0.4814552326954877,223.0,0.7879806366666666,0.2591333333333333
Michael Burch,curie,100,0.2006802719999999,0.3144841269841269,0.3144841269841269,0.3144841269841269,314.0,0.8104435801506042,0.1171
Achim Ebert,curie,100,0.227460883,0.43578231292517,0.43578231292517,0.43578231292517,271.3333333333333,0.744400163491567,0.1226999999999999
Mary Jean Harrold,curie,100,0.2758057936666666,0.5718816067653276,0.5718816067653276,0.5718816067653276,290.6666666666667,0.8469225962956747,0.2130999999999999
Stephan Diehl,ada,100,0.1742207703333333,0.4232566579999999,0.194700037,0.3279098743333333,254.66666666666663,0.7508961955706278,0.0725
Stephan Diehl,curie,100,0.2305594516666667,0.5117964472803183,0.5117964472803183,0.5117964472803183,285.6666666666667,0.0,0.1885333333333333
Achim Ebert,ada,100,0.1886546183333333,0.3156966493333333,0.1991355356666666,0.2677836566666666,144.66666666666666,0.0,0.0947
Henry Fuchs,curie,100,0.1862588603333333,0.3317778983541328,0.3317778983541328,0.3317778983541328,285.6666666666667,0.7669744690259298,0.1088333333333333
Benjamin B. Bederson,curie,100,0.3606116726666666,0.4820384294068504,0.4820384294068504,0.4820384294068504,343.6666666666667,0.813357412815094,0.2817
Henry Fuchs,ada,100,0.1037480386666666,0.3380577823333333,0.1269256269999999,0.275672849,170.33333333333334,0.6409023006757101,0.0233666666666666
Benjamin B. Bederson,ada,100,0.200089246,0.3615515773333333,0.2303435966666666,0.3090366579999999,160.33333333333334,0.0,0.12
Marie desJardins,ada,99,0.1354880413333333,0.253960229,0.1523809523333333,0.2239635993333333,117.0,0.0,0.0366333333333333
Marie desJardins,curie,99,0.2898579286666666,0.5324432576769026,0.5324432576769026,0.5324432576769026,322.3333333333333,0.8196219801902771,0.2201666666666666
Marie desJardins,turbo,99,0.5202860753333334,0.6799443209999999,0.5374325443333333,0.618352942,368.3333333333333,0.94561362,0.3992333333333333
Marie desJardins,davinci,99,0.3217350496666666,0.2445121951219512,0.2445121951219512,0.2445121951219512,278.3333333333333,0.7816176366666667,0.2265666666666666
Xenophon Papademetris,ada,97,0.0996689586666666,0.3286104746666666,0.104536208,0.204654953,250.66666666666663,0.8110430836677551,0.0224666666666666
Xenophon Papademetris,turbo,97,0.4389892693333333,0.6402693036666666,0.4500305173333332,0.500932744,342.6666666666667,0.9503996266666668,0.3423666666666666
Xenophon Papademetris,davinci,97,0.2286483823333333,0.2440801457194899,0.2440801457194899,0.2440801457194899,190.33333333333331,0.7397471000000001,0.1085666666666666
Xenophon Papademetris,curie,97,0.3247988486666667,0.5205128205128204,0.5205128205128204,0.5205128205128204,264.0,0.7689114212989807,0.2067666666666666
Carla E. Brodley,davinci,84,0.315085283,0.6103378103378104,0.6103378103378104,0.6103378103378104,226.66666666666663,0.7511187466666667,0.2036666666666666
Carla E. Brodley,ada,84,0.1285246753333333,0.3573330313333334,0.143625976,0.263322825,210.33333333333331,0.7960494756698608,0.0656666666666666
Carla E. Brodley,turbo,84,0.4996897546666667,0.697979798,0.512956328,0.6465440113333334,255.33333333333331,0.9336550733333334,0.4498333333333333
Carla E. Brodley,curie,84,0.2680981756666666,0.3064425770308123,0.3064425770308123,0.3064425770308123,234.0,0.8322619001070658,0.2008
Stuart K. Card,turbo,83,0.5215692200000001,0.6827356130000001,0.5401523016666666,0.6339171530000001,393.6666666666667,0.9290287466666666,0.4403666666666666
Stuart K. Card,davinci,83,0.4486873819999999,0.5338266384778013,0.5338266384778013,0.5338266384778013,296.3333333333333,0.8236059666666667,0.3138333333333333
Stuart K. Card,ada,83,0.2358781943333333,0.52467491,0.2545093633333333,0.4151070336666667,302.6666666666667,0.82569420337677,0.1787
Stuart K. Card,curie,83,0.377007964,0.5938238770685579,0.5938238770685579,0.5938238770685579,330.6666666666667,0.892323891321818,0.3001333333333333
Penny Rheingans,turbo,62,0.479431672,0.6606554729999999,0.5051057086666667,0.610624892,323.0,0.9103347,0.3472333333333333
Penny Rheingans,ada,62,0.131361075,0.35002405,0.162814974,0.2903799906666666,215.0,0.6739439765612284,0.0522999999999999
Penny Rheingans,davinci,62,0.3090613546666667,0.2859056316590563,0.2859056316590563,0.2859056316590563,234.66666666666663,0.5104125033333333,0.1530666666666666
Penny Rheingans,curie,62,0.1145612953333333,0.1830598000377286,0.1830598000377286,0.1830598000377286,295.0,0.7903007467587789,0.0542666666666666
Fabian Beck,turbo,61,0.4774281273333333,0.661599962,0.491856598,0.6173613706666666,357.6666666666667,0.9363913633333332,0.3762666666666667
Fabian Beck,ada,61,0.1799373276666666,0.4506172836666666,0.1919045313333333,0.2811728393333333,337.0,0.891168495019277,0.1130999999999999
Fabian Beck,curie,61,0.407967033,0.6185185185185186,0.6185185185185186,0.6185185185185186,296.3333333333333,0.8750274976094564,0.3122
Fabian Beck,davinci,61,0.3810956816666667,0.4664021164021164,0.4664021164021164,0.4664021164021164,222.0,0.75943259,0.2256
Mary C. Whitton,curie,59,0.3300622796666666,0.5619355832948066,0.5619355832948066,0.5619355832948066,293.6666666666667,0.7914738257726034,0.2255333333333333
Mary C. Whitton,turbo,59,0.4880952379999999,0.696315774,0.5228850553333334,0.620264353,375.6666666666667,0.9300691133333334,0.4200333333333333
Mary C. Whitton,davinci,59,0.225818157,0.2957575757575757,0.2957575757575757,0.2957575757575757,208.0,0.5653731733333333,0.1329666666666666
Mary C. Whitton,ada,59,0.1627995403333333,0.45196567,0.2313131316666666,0.3352713176666667,285.6666666666667,0.7829465866088867,0.1198
James A. Jones,curie,45,0.3561339113333333,0.5549825493566704,0.5549825493566704,0.5549825493566704,239.33333333333331,0.841552734375,0.2585
James A. Jones,davinci,45,0.2990310076666667,0.5119658119658119,0.5119658119658119,0.5119658119658119,210.0,0.7540946533333334,0.1975666666666666
James A. Jones,ada,45,0.1785739846666666,0.4477608326666666,0.2005940613333333,0.3178044056666667,214.0,0.8703359961509705,0.0870333333333333
James A. Jones,turbo,45,0.4579215006666666,0.6502525253333333,0.4635448456666666,0.5720480666666666,278.3333333333333,0.9236536333333332,0.3623666666666666
Anna Celler,davinci,14,0.2351778653333333,0.2888888888888889,0.2888888888888889,0.2888888888888889,146.66666666666666,0.6546418333333334,0.0703333333333333
Anna Celler,turbo,14,0.2296430293333333,0.545667947,0.2425120773333333,0.3272124329999999,286.0,0.9162829333333334,0.1434
Anna Celler,ada,14,0.0357142856666666,0.086419753,0.0384615383333333,0.074074074,50.0,0.0,0.0268666666666666
Anna Celler,curie,14,0.1221835073333333,0.266488413547237,0.266488413547237,0.266488413547237,241.0,0.0,0.0622
